race_date,strava_id,race_name,distance_category,race_city,race_region_code,overall_place,overall_field_size,gender_place,gender_field_size,division_place,division_field_size,pace_seconds_per_mile,finish_duration_seconds,bib_number
2026-06-13,18914914619,Frederick Summer Solstice 8K,8K,Walkersville,MD,43,436,39,215,5,30,431,2144,1322
2024-06-15,13906983211,Frederick Summer Solstice 8K,8K,Frederick,MD,45,386,35,170,4,20,451,2243,1230
2024-05-05,13906983375,2024 Frederick Running Festival,HALF_MARATHON,Frederick,MD,308,2452,265,1278,40,199,482,6316,4359
2023-05-07,13906972540,2023 Frederick Running Festival,HALF_MARATHON,Frederick,MD,337,2374,264,1168,47,184,492,6450,3054
2022-05-01,13906964838,2022 Frederick Running Festival,HALF_MARATHON,Frederick,MD,492,2564,367,1213,63,184,512,6719,3127
2020-10-11,4180666207,Army Ten Miler,10_MILE,Washington,DC,1075,15194,945,8955,160,1550,469,4695,
2019-05-05,2343886168,2019 Frederick Running Festival,HALF_MARATHON,Frederick,MD,242,3532,199,1620,37,274,476,6237,4088
2018-10-20,1916644308,Baltimore Running Festival,HALF_MARATHON,Baltimore,MD,285,6572,223,2823,52,523,462,6059,10369
2017-10-29,13906967866,End of the Road Marathon,HALF_MARATHON,Waterfall,PA,5,221,5,88,1,7,446,5849,876
2017-05-07,13906975744,2017 Frederick Running Festival,HALF_MARATHON,Frederick,MD,123,3866,101,1576,25,221,439,5753,2873
2016-12-10,811920474,2016 Tucson Marathon,MARATHON,Tucson,AZ,53,597,45,348,6,42,459,12045,311
2016-11-24,784278495,Way Station's Turkey Trot 5K,5K,Frederick,MD,57,3131,51,1336,6,105,384,1195,1319
2016-10-01,730943315,Freedom's Run,HALF_MARATHON,Shepherdstown,WV,18,682,14,321,7,81,432,5670,1363
2016-05-08,569574753,Frederick Running Festival,HALF_MARATHON,Frederick,MD,115,3620,99,1555,26,239,438,5743,1962
2015-10-11,410967551,Chicago Marathon,MARATHON,Chicago,IL,1810,37395,1580,20171,363,3266,438,11497,6150
2015-08-30,380834186,Annapolis Ten Mile Run,10_MILE,Annapolis,MD,52,3500,48,1694,12,141,399,3990,1951
2015-03-22,272408218,Yuengling Shamrock Marathon,MARATHON,Virginia Beach,VA,95,2185,82,1239,23,163,441,11555,134
2014-11-23,222463376,Zoo Zoom 8K,8K,Baltimore,MD,9,1068,8,348,2,130,389,1938,1217
2014-11-09,219080670,Across the Bay 10K,10K,Annapolis,MD,7998,14959,3469,5277,486,691,662,4114,157
2014-11-02,222678070,TCS New York City Marathon,MARATHON,New York City,NY,5831,50386,4894,29992,864,4137,496,12996,3371
2014-09-06,199745916,Bird In Hand Half Marathon,HALF_MARATHON,Lampeter,PA,24,1448,23,605,4,76,431,5652,261
2014-05-04,199760727,Blue Cross Broad Street Run,10_MILE,Philadelphia,PA,321,35166,288,15782,52,2749,381,3813,607
2014-03-01,199767822,Phoenix Marathon,MARATHON,Mesa,AZ,45,1826,43,1033,8,129,421,11039,8010
2013-11-17,199781227,Potomac River Run Marathon,MARATHON,Carderock,MD,9,210,9,132,2,9,439,11519,1121
2013-09-14,199789540,Abebe Bikila Day International Peace Marathon & Half Marathon,HALF_MARATHON,Washington,DC,3,174,3,78,2,19,390,5117,657
2013-08-17,199794369,Feed Annapolis 5 mile,5_MILE,Annapolis,MD,10,197,8,98,2,11,371,1858,73
2013-05-19,199808480,Run for the Red Marathon 2013,MARATHON,Stroudsburg,PA,44,520,41,324,6,26,445,11671,321
2013-04-20,199811858,Ozarks Medical Center 5K,5K,West Plains,MO,2,256,2,85,1,14,365,1137,703
2013-03-16,199816043,Baltimore/Annapolis Marathon-Half Marathon 2013,HALF_MARATHON,Pasadena,MD,6,374,6,158,1,13,402,5271,543
2013-01-13,199822503,Walt Disney World Marathon/Half Marathon,MARATHON,Orlando,FL,592,20681,483,10062,71,989,495,12975,20553
2013-01-12,199822705,Walt Disney World Marathon/Half Marathon,HALF_MARATHON,Orlando,FL,7468,23126,4451,9998,437,982,664,8699,20553
2013-01-12,,Goofy Challenge,CHALLENGE,Orlando,FL,3984,8643,2070,4505,172,408,,,
2012-12-09,199825537,Anniversary Run 15k 2012,15K,Annapolis,MD,17,264,16,143,2,13,402,3754,
2012-11-22,199828598,Gobble Cobble Turkey Trot 2012,6K,Baltimore,MD,11,691,10,256,1,44,383,1429,394
2012-10-20,199832422,Pasadena Running Festival 2012,5K,Pasadena,MD,2,50,2,30,1,2,392,1220,182
2012-10-14,199833077,Hangover 5K 2012,5K,Salisbury,MD,3,72,3,72,3,72,409,1273,
2012-10-07,199833725,Annapolis Striders Metric Marathon,METRIC_MARATHON,Annapolis,MD,29,186,28,117,5,11,428,6980,
2012-08-05,199839887,Dog Days of Summer 8k Cross Country Run 2012,8K,Arnold,MD,39,327,35,181,1,7,426,2120,
2012-07-21,199841041,John Wall Mile 2012,MILE,Annapolis,MD,42,214,39,127,3,5,358,358.4,302
2012-06-30,199842610,Moonlight 5K 2012,5K,Bel Air,MD,1,78,1,28,1,5,387,1203,259
2012-06-17,199843291,Dawson's Father's Day 10K 2012,10K,Severna Park,MD,33,461,28,268,5,19,408,2535,
2012-05-20,199844432,Bob Potts Marathon 2012,MARATHON,York,PA,78,424,67,263,10,17,492,12915,104
2012-04-01,199847797,Cherry Blossom 10 Miler,10_MILE,Washington,DC,2230,16923,1684,7193,406,1457,461,4610,1269
2012-03-18,199848008,Honda LA Marathon,MARATHON,Los Angeles,CA,2430,18459,2028,11258,275,1306,541,14178,6926
2012-03-18,,LA Big 5K,5K,Los Angeles,CA,537,2657,361,1090,58,145,617,1917,3619
2012-02-11,4884093,Valentines Day 5K 2012,5K,Annapolis,MD,27,509,25,241,6,24,386,1200,
2011-12-17,199852653,Celtic Solstice,5_MILE,Baltimore,MD,84,2809,76,1122,18,119,393,1967,688
2011-11-24,199854376,LARS Turkey Trot,5K,Laurel,MD,24,552,22,260,4,21,387,1203,699
2011-10-15,199855782,Baltimore Running Festival,HALF_MARATHON,Baltimore,MD,464,9164,360,3780,86,696,469,6148,12205
2011-09-10,199856487,Pasadena 5K & 1 Mile Family Walk 2011,5K,Pasadena,MD,8,98,8,54,1,2,401,1247,
2011-08-13,199857688,River Valley Run 10k Trail & 5k Road 2011,5K,Millers,MD,8,407,8,150,1,11,381,1184,873
2010-10-16,199864977,Baltimore Running Festival,HALF_MARATHON,Baltimore,MD,427,8057,349,3321,83,658,468,6134,20873
2010-10-02,,Glen Burnie Improvement Association 5k 2010,5K,Glen Burnie,MD,9,113,8,60,3,6,407,1265,30
2010-08-08,,Right Side Foundation 5K and 1 Mile Walk,5K,Baltimore,MD,386,386,174,174,57,57,1173,3645,
2010-08-01,199865871,Hadassah Check It Out Challenge  2010,8K,Towson,MD,17,187,14,93,2,6,426,2119,
2010-07-11,199866261,2010 Pikesville 5k,5K,Pikesville,MD,40,638,38,283,5,19,406,1264,
2010-04-25,,Port To Fort 6k Run 2010,6K,Baltimore,MD,134,1416,116,613,25,112,455,1697,
2009-04-26,,Port To Fort 6K,6K,Baltimore,MD,1206,1533,574,672,140,154,942,3513,
1998-01-19,,Teen Great Aloha 1998,10K,Honolulu,HI,32,48,19,24,5,6,485,3019,
